{"cameraMode":{"drawMode":0,"name":"Shaded","section":"Shading Mode"},"sceneLighting":true,"audioPlay":false,"sceneViewState":{"m_AlwaysRefresh":false,"showFog":true,"showSkybox":true,"showFlares":true,"showImageEffects":true,"showParticleSystems":true,"showVisualEffectGraphs":true,"m_FxEnabled":true},"in2DMode":false,"pivot":{"x":0.0000010728836059570313,"y":1.396089792251587,"z":0.45644229650497439},"rotation":{"x":0.007189915049821138,"y":-0.0005883687408640981,"z":-0.000003056801460843417,"w":-0.9999726414680481},"size":2.2763350009918215,"orthographic":false}